,Episode Batch,Learning Rate,Mean Absolute Error,Mean Squared Error,Batch Gym Reward,Batch User Reward,Avg. Episode Length (t),BAC Gradient,Policy Evolution
0,1.0,0.025,0.027229120000000107,0.0007414249759744058,-100.0,-8.0,2.2,"[[6.37489547e-11]
 [1.59761945e-08]
 [2.21554265e-06]
 ...
 [1.71498735e-02]
 [7.53920682e-04]
 [1.83671684e-05]]","[[1.59372387e-12]
 [3.99404864e-10]
 [5.53885663e-08]
 ...
 [4.28746838e-04]
 [1.88480170e-05]
 [4.59179209e-07]]"
1,2.0,0.025,0.005549415000000002,6.159201368445005e-05,-4350.0,-25.0,5.0,"[[-1.34113769e+01]
 [-3.84985858e+01]
 [-6.07473400e+01]
 ...
 [ 5.08872902e-03]
 [ 1.46418089e-04]
 [ 2.31542074e-06]]","[[-3.35284424e-01]
 [-9.62464644e-01]
 [-1.51868344e+00]
 ...
 [ 5.55965063e-04]
 [ 2.25084693e-05]
 [ 5.17064727e-07]]"
2,3.0,0.025,0.0038336500000000218,4.40906169675005e-05,-1850.0,-13.0,3.0,"[[4.44052026e-09]
 [7.10471665e-07]
 [6.29037141e-05]
 ...
 [9.79810906e-05]
 [1.68612868e-06]
 [1.61456665e-08]]","[[-3.35284423e-01]
 [-9.62464627e-01]
 [-1.51868187e+00]
 ...
 [ 5.58414590e-04]
 [ 2.25506225e-05]
 [ 5.17468369e-07]]"
3,4.0,0.025,0.0040390100000000095,6.525440712040031e-05,-5350.0,-29.0,6.0,"[[ 2.36812454e+01]
 [ 6.83357481e+01]
 [ 8.17996422e+01]
 ...
 [-1.46554995e-07]
 [-7.51352677e-10]
 [-2.13158147e-12]]","[[2.56746712e-01]
 [7.45929075e-01]
 [5.26309183e-01]
 ...
 [5.58410926e-04]
 [2.25506037e-05]
 [5.17468316e-07]]"
4,5.0,0.025,0.0004521959999999936,1.0224061120799712e-06,-3250.0,-17.0,3.6,"[[ 3.45116985e+01]
 [ 9.16818783e+01]
 [ 1.42858168e+02]
 ...
 [-5.21015029e-08]
 [-2.65069610e-10]
 [-7.46247577e-13]]","[[1.11953918e+00]
 [3.03797603e+00]
 [4.09776338e+00]
 ...
 [5.58409624e-04]
 [2.25505971e-05]
 [5.17468297e-07]]"
5,6.0,0.025,0.0013541116666666575,1.1001710434816517e-05,-2750.0,-17.0,3.8,"[[-6.11653764e-04]
 [-1.14925480e-02]
 [-1.09357822e-01]
 ...
 [-8.86597751e-05]
 [-1.27590303e-06]
 [-1.01608542e-08]]","[[1.11952388e+00]
 [3.03768872e+00]
 [4.09502943e+00]
 ...
 [5.56193129e-04]
 [2.25186995e-05]
 [5.17214276e-07]]"
6,7.0,0.025,5.184285714276982e-06,1.8813772857079476e-10,-1150.0,-11.0,2.4,"[[2.81034506e-14]
 [1.47537573e-11]
 [4.28609044e-09]
 ...
 [2.45404572e-02]
 [9.80068612e-04]
 [2.28618282e-05]]","[[1.11952388e+00]
 [3.03768872e+00]
 [4.09502943e+00]
 ...
 [1.16970456e-03]
 [4.70204148e-05]
 [1.08875998e-06]]"
7,8.0,0.025,0.0037583137500000058,0.00011299937794751285,-900.0,-12.0,2.8,"[[5.62222276e-05]
 [1.95020873e-03]
 [3.74339543e-02]
 ...
 [2.28970023e-02]
 [6.61001088e-04]
 [1.05595942e-05]]","[[1.11952529e+00]
 [3.03773747e+00]
 [4.09596528e+00]
 ...
 [1.74212962e-03]
 [6.35454420e-05]
 [1.35274983e-06]]"
8,9.0,0.025,0.002416474444444446,5.2554138665877844e-05,-1850.0,-13.0,2.8,"[[1.70887098e-08]
 [2.35401944e-06]
 [1.79439821e-04]
 ...
 [3.32490772e-03]
 [1.05873295e-04]
 [1.86574955e-06]]","[[1.11952529e+00]
 [3.03773753e+00]
 [4.09596977e+00]
 ...
 [1.82525231e-03]
 [6.61922744e-05]
 [1.39939357e-06]]"
9,10.0,0.025,0.0020714220000000007,4.2907891020840024e-05,-400.0,-10.0,2.6,"[[1.18998624e-06]
 [7.17876879e-05]
 [2.39645537e-03]
 ...
 [3.37083461e-03]
 [6.98255837e-05]
 [8.00411305e-07]]","[[1.11952532e+00]
 [3.03773933e+00]
 [4.09602968e+00]
 ...
 [1.90952318e-03]
 [6.79379140e-05]
 [1.41940386e-06]]"
10,11.0,0.025,0.00045152090909091183,2.2425824448091182e-06,-2900.0,-20.0,4.4,"[[5.64138320e-10]
 [8.66234573e-08]
 [7.38670461e-06]
 ...
 [7.32159623e-04]
 [1.18820290e-05]
 [1.06712604e-07]]","[[1.11952532e+00]
 [3.03773933e+00]
 [4.09602987e+00]
 ...
 [1.92782717e-03]
 [6.82349647e-05]
 [1.42207167e-06]]"
11,12.0,0.025,0.00022802833333333364,6.239630496333351e-07,-3300.0,-18.0,4.0,"[[1.68980633e-10]
 [2.95357317e-08]
 [2.85684205e-06]
 ...
 [3.15946105e-02]
 [9.67860262e-04]
 [1.64072501e-05]]","[[1.11952532e+00]
 [3.03773933e+00]
 [4.09602994e+00]
 ...
 [2.71769243e-03]
 [9.24314712e-05]
 [1.83225292e-06]]"
12,13.0,0.025,0.0013095553846153786,2.2294158969876722e-05,-4450.0,-21.0,4.6,"[[ 6.85116023e+01]
 [ 1.59816391e+02]
 [ 1.94937850e+02]
 ...
 [-2.94329234e-02]
 [-9.01886900e-04]
 [-1.52929851e-05]]","[[2.83231538e+00]
 [7.03314912e+00]
 [8.96947620e+00]
 ...
 [1.98186934e-03]
 [6.98842987e-05]
 [1.44992829e-06]]"
13,14.0,0.025,0.00017401857142857708,4.2395448482859886e-07,-4550.0,-25.0,5.0,"[[ 3.13370103e-04]
 [ 1.35606119e-02]
 [ 2.26349685e-01]
 ...
 [-3.64922602e-10]
 [-1.11033842e-12]
 [-1.86952311e-15]]","[[2.83232321e+00]
 [7.03348813e+00]
 [8.97513494e+00]
 ...
 [1.98186934e-03]
 [6.98842987e-05]
 [1.44992829e-06]]"
14,15.0,0.025,0.001194620666666668,2.140677805840672e-05,-4450.0,-31.0,6.4,"[[7.62999835e+00]
 [2.12479757e+01]
 [2.22404672e+01]
 ...
 [3.12343714e-03]
 [9.63192130e-05]
 [1.64276155e-06]]","[[3.02307317e+00]
 [7.56468753e+00]
 [9.53114662e+00]
 ...
 [2.05995526e-03]
 [7.22922790e-05]
 [1.49099733e-06]]"
15,16.0,0.025,0.0001124568749999999,2.0234477975624965e-07,-2300.0,-18.0,3.8,"[[ 5.25905714e+00]
 [ 1.55270093e+01]
 [ 2.53322595e+01]
 ...
 [-1.85179580e-02]
 [-8.07954945e-04]
 [-1.93139570e-05]]","[[3.15454960e+00]
 [7.95286276e+00]
 [1.01644531e+01]
 ...
 [1.59700631e-03]
 [5.20934054e-05]
 [1.00814841e-06]]"
16,17.0,0.025,0.00012162117647058637,2.514590796235217e-07,-400.0,-10.0,2.6,"[[3.62120556e-06]
 [2.61184486e-04]
 [1.04251888e-02]
 ...
 [3.45522964e-07]
 [2.68113798e-09]
 [1.15319527e-11]]","[[3.15454969e+00]
 [7.95286929e+00]
 [1.01647137e+01]
 ...
 [1.59701495e-03]
 [5.20934724e-05]
 [1.00814870e-06]]"
17,18.0,0.025,0.00023011888888888364,9.531846544221786e-07,-800.0,-10.0,2.6,"[[3.46718641e-12]
 [9.14485264e-10]
 [1.34135305e-07]
 ...
 [8.07562303e-03]
 [1.93508009e-04]
 [2.56638829e-06]]","[[3.15454969e+00]
 [7.95286929e+00]
 [1.01647137e+01]
 ...
 [1.79890553e-03]
 [5.69311727e-05]
 [1.07230840e-06]]"
18,19.0,0.025,0.0009249789473684208,1.6256135008421043e-05,-2400.0,-20.0,4.0,"[[ 4.98862276e-08]
 [ 5.20825127e-06]
 [ 3.02913145e-04]
 ...
 [-6.50379671e-07]
 [-5.17426520e-09]
 [-2.25503619e-11]]","[[3.15454969e+00]
 [7.95286942e+00]
 [1.01647213e+01]
 ...
 [1.79888927e-03]
 [5.69310433e-05]
 [1.07230784e-06]]"
19,20.0,0.025,0.0002979375000000006,1.7753350781250076e-06,-1350.0,-13.0,3.0,"[[ 1.28571533e-04]
 [ 4.33882314e-03]
 [ 8.10234077e-02]
 ...
 [-1.40400308e-02]
 [-6.97251202e-04]
 [-1.92300844e-05]]","[[3.15455291e+00]
 [7.95297789e+00]
 [1.01667469e+01]
 ...
 [1.44788850e-03]
 [3.94997633e-05]
 [5.91555732e-07]]"
20,21.0,0.025,1.2716190476190295e-05,3.3957315047618073e-09,-1950.0,-13.0,2.8,"[[ 5.90710833e+00]
 [ 1.62939358e+01]
 [ 2.48710771e+01]
 ...
 [-1.68729439e-09]
 [-7.64330986e-12]
 [-1.91599150e-14]]","[[3.30223061e+00]
 [8.36032628e+00]
 [1.07885238e+01]
 ...
 [1.44788846e-03]
 [3.94997631e-05]
 [5.91555732e-07]]"
21,22.0,0.025,0.0013527495454545466,4.025848932000462e-05,-2350.0,-15.0,3.6,"[[5.01030609e-05]
 [1.76970622e-03]
 [3.45899368e-02]
 ...
 [2.36690500e-03]
 [4.62600550e-05]
 [5.00325883e-07]]","[[3.30223187e+00]
 [8.36037052e+00]
 [1.07893886e+01]
 ...
 [1.50706108e-03]
 [4.06562644e-05]
 [6.04063879e-07]]"
22,23.0,0.025,0.00020838695652173865,9.98777843913039e-07,-1750.0,-13.0,3.2,"[[2.47133547e-04]
 [9.94272650e-03]
 [2.21359297e-01]
 ...
 [9.66014456e-08]
 [6.39686263e-10]
 [2.34414726e-12]]","[[3.30223805e+00]
 [8.36061909e+00]
 [1.07949226e+01]
 ...
 [1.50706350e-03]
 [4.06562804e-05]
 [6.04063937e-07]]"
23,24.0,0.025,0.00045007208333333143,4.861557124704125e-06,-2900.0,-20.0,4.0,"[[1.40004603e-03]
 [2.85567347e-02]
 [3.22320619e-01]
 ...
 [2.34350163e-04]
 [3.20134815e-06]
 [2.42003730e-08]]","[[3.30227305e+00]
 [8.36133301e+00]
 [1.08029806e+01]
 ...
 [1.51292225e-03]
 [4.07363141e-05]
 [6.04668947e-07]]"
24,25.0,0.025,0.00010386079999999965,2.696766444159981e-07,-2150.0,-15.0,3.2,"[[ 4.32280759e+00]
 [ 1.36361365e+01]
 [ 2.38031560e+01]
 ...
 [-6.14221710e-03]
 [-2.63470787e-04]
 [-6.25404900e-06]]","[[3.41034324e+00]
 [8.70223642e+00]
 [1.13980595e+01]
 ...
 [1.35936682e-03]
 [3.41495445e-05]
 [4.48317722e-07]]"
25,26.0,0.025,0.0007396246153846136,1.4223158863753779e-05,-2000.0,-16.0,3.4,"[[ 1.15577782e-01]
 [ 1.51855457e+00]
 [ 1.12508154e+01]
 ...
 [-6.28106902e-05]
 [-8.22705642e-07]
 [-5.96312077e-09]]","[[3.41323268e+00]
 [8.74020029e+00]
 [1.16793299e+01]
 ...
 [1.35779655e-03]
 [3.41289768e-05]
 [4.48168644e-07]]"
26,27.0,0.025,0.0010209988888888878,2.814584574003327e-05,-900.0,-10.0,2.4,"[[ 1.29115111e-01]
 [ 1.16854051e+00]
 [ 5.85228550e+00]
 ...
 [-1.47727528e-06]
 [-1.57453257e-08]
 [-9.28674185e-11]]","[[3.41646056e+00]
 [8.76941380e+00]
 [1.18256370e+01]
 ...
 [1.35775962e-03]
 [3.41285832e-05]
 [4.48166322e-07]]"
27,28.0,0.025,8.397392857142519e-05,1.9744537903212696e-07,-4650.0,-21.0,4.6,"[[9.73816320e-12]
 [2.30022577e-09]
 [3.00727778e-07]
 ...
 [4.01168223e-02]
 [1.28482542e-03]
 [2.27717029e-05]]","[[3.41646056e+00]
 [8.76941380e+00]
 [1.18256370e+01]
 ...
 [2.36068018e-03]
 [6.62492187e-05]
 [1.01745890e-06]]"
28,29.0,0.025,0.000828154482758621,1.988935557208277e-05,-3700.0,-22.0,4.6,"[[ 6.90149698e-01]
 [ 4.01769852e+00]
 [ 1.68827635e+01]
 ...
 [-1.32947335e-01]
 [-4.65986791e-03]
 [-9.12830089e-05]]","[[ 3.43371430e+00]
 [ 8.86985626e+00]
 [ 1.22477061e+01]
 ...
 [-9.63003184e-04]
 [-5.02474790e-05]
 [-1.26461633e-06]]"
29,30.0,0.025,0.0006747446666666675,1.3658410955853367e-05,-1200.0,-14.0,3.2,"[[4.23305072e+00]
 [1.40135192e+01]
 [2.84224946e+01]
 ...
 [1.93507451e-04]
 [4.37689924e-06]
 [5.47844003e-08]]","[[ 3.53954057e+00]
 [ 9.22019424e+00]
 [ 1.29582685e+01]
 ...
 [-9.58165498e-04]
 [-5.01380565e-05]
 [-1.26324672e-06]]"
30,31.0,0.025,0.00012302387096774225,4.6918105766451857e-07,-600.0,-10.0,2.4,"[[3.10029174e-10]
 [5.15750613e-08]
 [4.81262993e-06]
 ...
 [2.73880677e-04]
 [3.82307961e-06]
 [2.95356971e-08]]","[[ 3.53954057e+00]
 [ 9.22019425e+00]
 [ 1.29582686e+01]
 ...
 [-9.51318481e-04]
 [-5.00424795e-05]
 [-1.26250832e-06]]"
31,32.0,0.025,0.0005247978124999983,8.813207808153067e-06,-2200.0,-20.0,4.2,"[[-1.40299741e-02]
 [-1.55622817e-01]
 [-9.55221345e-01]
 ...
 [-7.98873270e-04]
 [-1.63139063e-05]
 [-1.84017955e-07]]","[[ 3.53918982e+00]
 [ 9.21630367e+00]
 [ 1.29343880e+01]
 ...
 [-9.71290312e-04]
 [-5.04503272e-05]
 [-1.26710877e-06]]"
32,33.0,0.025,0.00020307636363636414,1.3609203124363702e-06,-4000.0,-20.0,4.0,"[[ 2.28560426e+00]
 [ 9.52410197e+00]
 [ 2.24448042e+01]
 ...
 [-3.16521321e-05]
 [-4.03613290e-07]
 [-2.84806209e-09]]","[[ 3.59632993e+00]
 [ 9.45440622e+00]
 [ 1.34955081e+01]
 ...
 [-9.72081616e-04]
 [-5.04604175e-05]
 [-1.26717997e-06]]"
33,34.0,0.025,0.00022520794117647188,1.7244329701441372e-06,-2850.0,-15.0,3.2,"[[1.31103948e-06]
 [1.07609596e-04]
 [4.88761267e-03]
 ...
 [2.19716949e-05]
 [3.03897264e-07]
 [2.32631222e-09]]","[[ 3.59632996e+00]
 [ 9.45440891e+00]
 [ 1.34956303e+01]
 ...
 [-9.71532323e-04]
 [-5.04528201e-05]
 [-1.26712182e-06]]"
34,35.0,0.025,0.00023274828571428723,1.896011757602882e-06,-4650.0,-25.0,5.0,"[[6.47594374e+00]
 [1.94602395e+01]
 [3.45971938e+01]
 ...
 [6.83631937e-09]
 [3.66678162e-11]
 [1.08835169e-13]]","[[ 3.75822855e+00]
 [ 9.94091490e+00]
 [ 1.43605602e+01]
 ...
 [-9.71532152e-04]
 [-5.04528192e-05]
 [-1.26712181e-06]]"
35,36.0,0.025,0.00020804138888888855,1.5581239016694393e-06,-3650.0,-21.0,4.2,"[[-1.39313879e+01]
 [-6.13143594e+01]
 [-1.46691842e+02]
 ...
 [ 1.61551319e+00]
 [ 9.70554191e-02]
 [ 3.22426967e-03]]","[[3.40994386e+00]
 [8.40805592e+00]
 [1.06932641e+01]
 ...
 [3.94162975e-02]
 [2.37593266e-03]
 [7.93396198e-05]]"
36,37.0,0.025,0.0004325643243243243,6.9231401030918905e-06,-1750.0,-17.0,3.6,"[[2.22631075e-01]
 [2.00126083e+00]
 [9.83420668e+00]
 ...
 [3.37095146e-06]
 [3.53191907e-08]
 [2.02651986e-10]]","[[3.41550963e+00]
 [8.45808744e+00]
 [1.09391193e+01]
 ...
 [3.94163817e-02]
 [2.37593354e-03]
 [7.93396249e-05]]"
37,38.0,0.025,0.00038644368421052687,5.674871400515807e-06,-2300.0,-20.0,4.0,"[[ 7.61419391e+00]
 [ 1.94237742e+01]
 [ 2.74331863e+01]
 ...
 [-3.10436948e-05]
 [-3.94750622e-07]
 [-2.77775354e-09]]","[[3.60586448e+00]
 [8.94368179e+00]
 [1.16249490e+01]
 ...
 [3.94156057e-02]
 [2.37592367e-03]
 [7.93395555e-05]]"
38,39.0,0.025,0.0008066807692307701,2.537862067442313e-05,-5950.0,-31.0,6.4,"[[2.95289258e-15]
 [1.89384714e-12]
 [6.72129752e-10]
 ...
 [7.15210194e-02]
 [3.53850110e-03]
 [1.03070828e-04]]","[[3.60586448e+00]
 [8.94368179e+00]
 [1.16249490e+01]
 ...
 [4.12036311e-02]
 [2.46438620e-03]
 [8.19163262e-05]]"
39,40.0,0.025,0.0006363604999999994,1.619818743840997e-05,-1800.0,-16.0,3.2,"[[ 1.66240423e-01]
 [ 1.41614677e+00]
 [ 6.67567362e+00]
 ...
 [-7.71453485e-05]
 [-1.48567329e-06]
 [-1.58328242e-08]]","[[3.61002049e+00]
 [8.97908546e+00]
 [1.17918408e+01]
 ...
 [4.12017025e-02]
 [2.46434906e-03]
 [8.19159303e-05]]"
40,41.0,0.025,4.724268292683045e-05,9.150671469512652e-08,-2900.0,-22.0,4.6,"[[ 1.99375884e+00]
 [ 1.14243405e+01]
 [ 3.84840276e+01]
 ...
 [-1.34629039e-02]
 [-4.11558394e-04]
 [-6.94103617e-06]]","[[3.65986446e+00]
 [9.26469398e+00]
 [1.27539415e+01]
 ...
 [4.08651299e-02]
 [2.45406010e-03]
 [8.17424044e-05]]"
41,42.0,0.025,4.325714285714435e-05,7.858957714286258e-08,-950.0,-11.0,2.8,"[[-2.33437691e+01]
 [-5.16353242e+01]
 [-6.33695237e+01]
 ...
 [-2.77105664e-03]
 [-6.92666098e-05]
 [-9.57523203e-07]]","[[3.07627023e+00]
 [7.97381087e+00]
 [1.11697034e+01]
 ...
 [4.07958535e-02]
 [2.45232843e-03]
 [8.17184664e-05]]"
42,43.0,0.025,0.0004715627906976743,9.561973019534879e-06,-900.0,-10.0,2.4,"[[1.80915534e-01]
 [1.94816293e+00]
 [1.20903883e+01]
 ...
 [3.23661048e-06]
 [4.42836697e-08]
 [3.09928784e-10]]","[[3.08079312e+00]
 [8.02251494e+00]
 [1.14719631e+01]
 ...
 [4.07959344e-02]
 [2.45232954e-03]
 [8.17184741e-05]]"
43,44.0,0.025,0.0003661202272727285,5.897936916002312e-06,-2300.0,-16.0,3.6,"[[1.48593208e-07]
 [1.17718461e-05]
 [5.16059371e-04]
 ...
 [5.79913580e-02]
 [1.98915759e-03]
 [3.77569244e-05]]","[[3.08079313e+00]
 [8.02251524e+00]
 [1.14719760e+01]
 ...
 [4.22457184e-02]
 [2.50205848e-03]
 [8.26623972e-05]]"
44,45.0,0.025,0.00039912444444444674,7.168514496888971e-06,-1750.0,-15.0,3.6,"[[1.04856756e-15]
 [6.96108913e-13]
 [2.59328995e-10]
 ...
 [4.30099114e-02]
 [1.38097204e-03]
 [2.45615010e-05]]","[[3.08079313e+00]
 [8.02251524e+00]
 [1.14719760e+01]
 ...
 [4.33209661e-02]
 [2.53658278e-03]
 [8.32764347e-05]]"
45,46.0,0.025,0.0003656106521739108,6.14887285321949e-06,-3050.0,-23.0,5.2,"[[2.61142204e-12]
 [8.98907708e-10]
 [1.71253169e-07]
 ...
 [1.04988577e-03]
 [2.14377702e-05]
 [2.53380819e-07]]","[[3.08079313e+00]
 [8.02251524e+00]
 [1.14719760e+01]
 ...
 [4.33472133e-02]
 [2.53711872e-03]
 [8.32827693e-05]]"
46,47.0,0.025,1.97191489361845e-06,1.8275707234069038e-10,-10750.0,-51.0,10.2,"[[9.86063212e-05]
 [3.13676303e-03]
 [5.52167290e-02]
 ...
 [1.33263091e-03]
 [2.37270008e-05]
 [2.33774595e-07]]","[[3.08079559e+00]
 [8.02259366e+00]
 [1.14733564e+01]
 ...
 [4.33805291e-02]
 [2.53771190e-03]
 [8.32886136e-05]]"
47,48.0,0.025,0.0006178439583333315,1.8323095528751976e-05,-2700.0,-16.0,3.4,"[[-1.31165220e-04]
 [-3.50767650e-03]
 [-5.19077233e-02]
 ...
 [-5.64067289e-04]
 [-1.10553567e-05]
 [-1.19317971e-07]]","[[3.08079231e+00]
 [8.02250597e+00]
 [1.14720587e+01]
 ...
 [4.33664274e-02]
 [2.53743552e-03]
 [8.32856307e-05]]"
48,49.0,0.025,0.0001364697959183671,9.125762547020375e-07,-300.0,-10.0,2.4,"[[7.61217638e-13]
 [2.32380645e-10]
 [3.92601331e-08]
 ...
 [1.60593669e-01]
 [6.74581153e-03]
 [1.56812453e-04]]","[[3.08079231e+00]
 [8.02250597e+00]
 [1.14720587e+01]
 ...
 [4.73812691e-02]
 [2.70608080e-03]
 [8.72059420e-05]]"
49,50.0,0.025,0.00028119520000000173,3.9535370251520495e-06,-5100.0,-28.0,5.6,"[[-6.06589557e+01]
 [-2.22828776e+02]
 [-4.50593163e+02]
 ...
 [-1.33746530e-04]
 [-5.43968016e-07]
 [ 6.61068213e-09]]","[[1.56431842e+00]
 [2.45178658e+00]
 [2.07229658e-01]
 ...
 [4.73779254e-02]
 [2.70606720e-03]
 [8.72061073e-05]]"
50,51.0,0.025,0.0003474117647058804,6.155441647058755e-06,-4650.0,-23.0,4.8,"[[6.05423761e-01]
 [3.57590401e+00]
 [1.09297814e+01]
 ...
 [7.92227550e-05]
 [1.20239010e-06]
 [1.01419108e-08]]","[[1.57945401e+00]
 [2.54118418e+00]
 [4.80474192e-01]
 ...
 [4.73799060e-02]
 [2.70609726e-03]
 [8.72063608e-05]]"
51,52.0,0.025,1.5934230769232283e-05,1.3202784930771738e-08,-1750.0,-17.0,3.8,"[[2.97523424e-10]
 [6.42151766e-08]
 [7.66939363e-06]
 ...
 [1.60013991e-05]
 [1.47781754e-07]
 [7.55275131e-10]]","[[1.57945401e+00]
 [2.54118418e+00]
 [4.80474384e-01]
 ...
 [4.73803060e-02]
 [2.70610096e-03]
 [8.72063797e-05]]"
52,53.0,0.025,1.7345283018867098e-05,1.5945518679243765e-08,-3850.0,-23.0,4.8,"[[6.72133013e-01]
 [4.95483235e+00]
 [2.02401205e+01]
 ...
 [1.78328463e-02]
 [8.17057885e-04]
 [2.06475456e-05]]","[[1.59625734e+00]
 [2.66505499e+00]
 [9.86477397e-01]
 ...
 [4.78261272e-02]
 [2.72652741e-03]
 [8.77225683e-05]]"
53,54.0,0.025,0.0003319361111111118,5.949805420416693e-06,-3350.0,-17.0,3.6,"[[ 1.19417405e+00]
 [ 6.27373643e+00]
 [ 1.89714999e+01]
 ...
 [-4.76618887e-04]
 [-9.21166157e-06]
 [-9.85204091e-08]]","[[1.62611169e+00]
 [2.82189840e+00]
 [1.46076489e+00]
 ...
 [4.78142117e-02]
 [2.72629711e-03]
 [8.77201053e-05]]"
54,55.0,0.025,0.0004068069090909096,9.102052370625477e-06,-950.0,-11.0,2.4,"[[7.08061129e-15]
 [4.21133422e-12]
 [1.38654439e-09]
 ...
 [1.53924709e-02]
 [4.22364675e-04]
 [6.50994228e-06]]","[[1.62611169e+00]
 [2.82189840e+00]
 [1.46076489e+00]
 ...
 [4.81990235e-02]
 [2.73685623e-03]
 [8.78828539e-05]]"
55,56.0,0.025,9.38094642857133e-05,4.92812073016061e-07,-2100.0,-16.0,3.4,"[[-7.16939185e-03]
 [-9.17909706e-02]
 [-6.50326454e-01]
 ...
 [-1.50115838e-04]
 [-2.37680175e-06]
 [-2.07427609e-08]]","[[1.62593246e+00]
 [2.81960362e+00]
 [1.44450673e+00]
 ...
 [4.81952706e-02]
 [2.73679681e-03]
 [8.78823353e-05]]"
56,57.0,0.025,0.00027033105263157733,4.165496046963108e-06,-1250.0,-13.0,2.8,"[[9.61456772e-05]
 [3.07231687e-03]
 [5.43270517e-02]
 ...
 [2.31505955e-04]
 [3.15309493e-06]
 [2.37647601e-08]]","[[1.62593486e+00]
 [2.81968043e+00]
 [1.44586491e+00]
 ...
 [4.82010583e-02]
 [2.73687564e-03]
 [8.78829294e-05]]"
57,58.0,0.025,0.00024638344827586226,3.52087860788966e-06,-8400.0,-40.0,8.0,"[[1.06656836e+02]
 [1.92972781e+02]
 [1.77421709e+02]
 ...
 [1.71932756e-05]
 [1.61288469e-07]
 [8.37176680e-10]]","[[4.29235575e+00]
 [7.64399995e+00]
 [5.88140765e+00]
 ...
 [4.82014881e-02]
 [2.73687967e-03]
 [8.78829504e-05]]"
58,59.0,0.025,5.505372881355923e-05,1.788238703203384e-07,-3350.0,-17.0,3.8,"[[4.21265353e-11]
 [1.10895875e-08]
 [1.61615957e-06]
 ...
 [6.96911976e-05]
 [7.89307202e-07]
 [4.94786283e-09]]","[[4.29235575e+00]
 [7.64399995e+00]
 [5.88140769e+00]
 ...
 [4.82032304e-02]
 [2.73689940e-03]
 [8.78830741e-05]]"
59,60.0,0.025,1.5228833333332433e-05,1.3915041881665022e-08,-1200.0,-14.0,3.6,"[[-6.23673696e-01]
 [-2.61211190e+00]
 [-5.13038307e+00]
 ...
 [ 2.16348197e-05]
 [ 2.65012091e-07]
 [ 1.79275765e-09]]","[[4.27676391e+00]
 [7.57869715e+00]
 [5.75314811e+00]
 ...
 [4.82037712e-02]
 [2.73690603e-03]
 [8.78831189e-05]]"
60,61.0,0.025,8.012131147540778e-06,3.9158489770489805e-09,-4700.0,-24.0,4.8,"[[2.84954509e+00]
 [1.08134393e+01]
 [2.40057363e+01]
 ...
 [4.05479572e-05]
 [7.10203064e-07]
 [6.88363146e-09]]","[[4.34800253e+00]
 [7.84903314e+00]
 [6.35329152e+00]
 ...
 [4.82047849e-02]
 [2.73692378e-03]
 [8.78832910e-05]]"
61,62.0,0.025,0.000433996774193549,1.1677898400645193e-05,-1450.0,-11.0,2.6,"[[8.04617740e-09]
 [1.20632819e-06]
 [1.00080421e-04]
 ...
 [1.56999754e-02]
 [6.78454057e-04]
 [1.62248669e-05]]","[[4.34800253e+00]
 [7.84903317e+00]
 [6.35329402e+00]
 ...
 [4.85972843e-02]
 [2.75388514e-03]
 [8.82889126e-05]]"
62,63.0,0.025,0.00011529936507936525,8.375184460253994e-07,-750.0,-11.0,2.6,"[[5.76688251e-01]
 [3.48023058e+00]
 [1.08220876e+01]
 ...
 [1.15608707e-06]
 [1.04445417e-08]
 [5.22167387e-11]]","[[4.36241974e+00]
 [7.93603893e+00]
 [6.62384621e+00]
 ...
 [4.85973132e-02]
 [2.75388540e-03]
 [8.82889140e-05]]"
63,64.0,0.025,5.4372343750001134e-05,1.892065129515704e-07,-600.0,-12.0,2.6,"[[9.45670489e-05]
 [3.03271437e-03]
 [5.40241898e-02]
 ...
 [1.80018189e-07]
 [9.51227845e-10]
 [2.78146938e-12]]","[[4.36242210e+00]
 [7.93611475e+00]
 [6.62519681e+00]
 ...
 [4.85973177e-02]
 [2.75388542e-03]
 [8.82889140e-05]]"
64,65.0,0.025,0.00016819600000000164,1.838843137040036e-06,-3150.0,-17.0,3.6,"[[ 3.22979817e-01]
 [ 2.94208255e+00]
 [ 1.50362755e+01]
 ...
 [-5.75593476e-05]
 [-8.14960889e-07]
 [-6.27985142e-09]]","[[4.37049660e+00]
 [8.00966681e+00]
 [7.00110370e+00]
 ...
 [4.85958787e-02]
 [2.75386505e-03]
 [8.82887570e-05]]"
65,66.0,0.025,0.00026558757575757607,4.655426186187891e-06,-1250.0,-11.0,2.8,"[[1.72255059e-05]
 [1.01689629e-03]
 [3.32500891e-02]
 ...
 [3.75893335e-10]
 [1.03422906e-12]
 [1.59255712e-15]]","[[4.37049703e+00]
 [8.00969224e+00]
 [7.00193495e+00]
 ...
 [4.85958788e-02]
 [2.75386505e-03]
 [8.82887570e-05]]"
66,67.0,0.025,0.00019064791044776262,2.435223925792574e-06,-2600.0,-20.0,4.2,"[[1.23246121e-03]
 [2.57407933e-02]
 [2.97497747e-01]
 ...
 [4.04538477e-04]
 [5.98928579e-06]
 [4.90695127e-08]]","[[4.37052784e+00]
 [8.01033576e+00]
 [7.00937240e+00]
 ...
 [4.86059922e-02]
 [2.75401478e-03]
 [8.82899838e-05]]"
67,68.0,0.025,0.00022140470588235278,3.3333629775058773e-06,-2550.0,-17.0,3.8,"[[-6.06962634e-01]
 [-6.75372937e+00]
 [-4.10277282e+01]
 ...
 [-8.76413201e-03]
 [-1.87916945e-04]
 [-2.22969107e-06]]","[[4.35535378e+00]
 [7.84149252e+00]
 [5.98367919e+00]
 ...
 [4.83868889e-02]
 [2.74931685e-03]
 [8.82342415e-05]]"
68,69.0,0.025,8.425681159420161e-05,4.898455107014343e-07,-2350.0,-19.0,4.0,"[[ 3.22239160e-01]
 [ 2.96013943e+00]
 [ 1.51086355e+01]
 ...
 [-6.17920982e-02]
 [-3.08890337e-03]
 [-8.54470766e-05]]","[[4.36340976e+00]
 [7.91549601e+00]
 [6.36139508e+00]
 ...
 [4.68420865e-02]
 [2.67209427e-03]
 [8.60980646e-05]]"
69,70.0,0.025,4.863271428571395e-05,1.6555986291571198e-07,-2000.0,-22.0,4.8,"[[ 2.71641049e-01]
 [ 2.09262906e+00]
 [ 8.92099724e+00]
 ...
 [-1.16042259e-03]
 [-2.59878308e-05]
 [-3.22065561e-07]]","[[4.37020078e+00]
 [7.96781173e+00]
 [6.58442001e+00]
 ...
 [4.68130759e-02]
 [2.67144457e-03]
 [8.60900129e-05]]"
70,71.0,0.025,0.00020369422535211252,2.945884958367601e-06,-2800.0,-16.0,3.4,"[[1.60133518e-07]
 [1.63820720e-05]
 [9.42176625e-04]
 ...
 [8.88610715e-08]
 [4.30510431e-10]
 [1.15471592e-12]]","[[4.37020079e+00]
 [7.96781214e+00]
 [6.58444357e+00]
 ...
 [4.68130781e-02]
 [2.67144459e-03]
 [8.60900130e-05]]"
71,72.0,0.025,0.00021396388888888753,3.2961992938888473e-06,-4400.0,-26.0,5.6,"[[1.02736327e-11]
 [3.09409009e-09]
 [5.15720017e-07]
 ...
 [5.61836457e-04]
 [1.08661935e-05]
 [1.21394804e-07]]","[[4.37020079e+00]
 [7.96781214e+00]
 [6.58444358e+00]
 ...
 [4.68271240e-02]
 [2.67171624e-03]
 [8.60930478e-05]]"
72,73.0,0.025,0.00030036931506849385,6.586185956734277e-06,-2000.0,-18.0,3.8,"[[8.10651279e-15]
 [4.76506262e-12]
 [1.55051373e-09]
 ...
 [1.41147506e-02]
 [3.79580564e-04]
 [5.72216913e-06]]","[[4.37020079e+00]
 [7.96781214e+00]
 [6.58444358e+00]
 ...
 [4.71799928e-02]
 [2.68120575e-03]
 [8.62361021e-05]]"
73,74.0,0.025,0.00023752756756756667,4.175031556237806e-06,-1800.0,-16.0,3.6,"[[ 3.67373934e-01]
 [ 2.56007557e+00]
 [ 9.87211271e+00]
 ...
 [-5.94994934e-10]
 [-2.39058504e-12]
 [-5.31516358e-15]]","[[4.37938513e+00]
 [8.03181403e+00]
 [6.83124640e+00]
 ...
 [4.71799928e-02]
 [2.68120575e-03]
 [8.62361021e-05]]"
74,75.0,0.025,0.00010617493333333468,8.454837351253549e-07,-8700.0,-38.0,7.8,"[[ 2.41799096e-01]
 [-2.63079385e-01]
 [-3.41338309e+00]
 ...
 [-1.41195932e-02]
 [-5.21122046e-04]
 [-1.06430874e-05]]","[[4.38543011e+00]
 [8.02523705e+00]
 [6.74591182e+00]
 ...
 [4.68270030e-02]
 [2.66817770e-03]
 [8.59700249e-05]]"
75,76.0,0.025,9.274131578947496e-05,6.536723257315969e-07,-1300.0,-12.0,2.8,"[[-1.82579615e-01]
 [-1.86496774e+00]
 [-1.05444355e+01]
 ...
 [ 2.50336976e-05]
 [ 2.83429565e-07]
 [ 1.77670345e-09]]","[[4.38086562e+00]
 [7.97861285e+00]
 [6.48230093e+00]
 ...
 [4.68276288e-02]
 [2.66818479e-03]
 [8.59700693e-05]]"
76,77.0,0.025,0.00033726142857142867,8.758385882557148e-06,-3250.0,-23.0,4.8,"[[9.04209900e-13]
 [3.44345700e-10]
 [7.25651288e-08]
 ...
 [1.27742375e-02]
 [5.03606823e-04]
 [1.12250207e-05]]","[[4.38086562e+00]
 [7.97861285e+00]
 [6.48230093e+00]
 ...
 [4.71469847e-02]
 [2.68077496e-03]
 [8.62506948e-05]]"
77,78.0,0.025,0.0002488475641025646,4.830158592462838e-06,-750.0,-9.0,2.2,"[[6.71276170e-07]
 [4.37443151e-05]
 [1.57743673e-03]
 ...
 [8.74453854e-02]
 [3.25020472e-03]
 [6.68507129e-05]]","[[4.38086564e+00]
 [7.97861395e+00]
 [6.48234037e+00]
 ...
 [4.93331194e-02]
 [2.76203008e-03]
 [8.79219626e-05]]"
78,79.0,0.025,0.00014930658227848095,1.7611039854227833e-06,-4800.0,-24.0,5.0,"[[ 9.37580833e+00]
 [ 2.59436072e+01]
 [ 4.10477601e+01]
 ...
 [-4.67223320e-05]
 [-7.09495531e-07]
 [-5.96205974e-09]]","[[4.61526085e+00]
 [8.62720413e+00]
 [7.50853437e+00]
 ...
 [4.93319513e-02]
 [2.76201234e-03]
 [8.79218136e-05]]"
79,80.0,0.025,0.00012731237499999937,1.296675266251237e-06,-2050.0,-13.0,2.8,"[[ 3.03931117e+01]
 [ 5.92947147e+01]
 [ 6.46553463e+01]
 ...
 [-1.46193208e-07]
 [-9.35270506e-10]
 [-3.31107325e-12]]","[[5.37508864e+00]
 [1.01095720e+01]
 [9.12491803e+00]
 ...
 [4.93319477e-02]
 [2.76201232e-03]
 [8.79218135e-05]]"
80,81.0,0.025,2.6971728395062836e-05,5.892540474198014e-08,-1050.0,-11.0,2.6,"[[-2.81718898e-05]
 [-9.77542637e-04]
 [-1.91407156e-02]
 ...
 [ 4.41093574e-06]
 [ 4.42730318e-08]
 [ 2.45863959e-10]]","[[5.37508794e+00]
 [1.01095476e+01]
 [9.12443951e+00]
 ...
 [4.93320579e-02]
 [2.76201342e-03]
 [8.79218196e-05]]"
81,82.0,0.025,0.0001917791463414623,3.015897759659721e-06,-4600.0,-24.0,5.0,"[[1.45253096e+00]
 [5.30662003e+00]
 [1.03922618e+01]
 ...
 [1.05817792e-04]
 [1.83689549e-06]
 [1.78139876e-08]]","[[5.41140121e+00]
 [1.02422131e+01]
 [9.38424606e+00]
 ...
 [4.93347034e-02]
 [2.76205935e-03]
 [8.79222650e-05]]"
82,83.0,0.025,0.0001216357831325295,1.228006890275891e-06,-1250.0,-13.0,3.0,"[[9.58875890e-13]
 [3.65834626e-10]
 [7.72384853e-08]
 ...
 [8.33501920e-04]
 [1.36170541e-05]
 [1.23110856e-07]]","[[5.41140121e+00]
 [1.02422131e+01]
 [9.38424606e+00]
 ...
 [4.93555409e-02]
 [2.76239977e-03]
 [8.79253428e-05]]"
83,84.0,0.025,0.00025374321428571554,5.4083919788679115e-06,-2300.0,-16.0,3.4,"[[ 3.08107672e+00]
 [ 1.26126071e+01]
 [ 2.99382629e+01]
 ...
 [-1.31363291e-09]
 [-5.81042462e-12]
 [-1.42258445e-14]]","[[5.48842813e+00]
 [1.05575282e+01]
 [1.01327026e+01]
 ...
 [4.93555409e-02]
 [2.76239977e-03]
 [8.79253428e-05]]"
84,85.0,0.025,6.916823529411671e-05,4.066608057646949e-07,-1000.0,-12.0,3.0,"[[ 4.49516570e+01]
 [ 1.39865972e+02]
 [ 2.44127983e+02]
 ...
 [-2.90574309e-05]
 [-2.83982215e-07]
 [-1.54201306e-09]]","[[6.61221955e+00]
 [1.40541775e+01]
 [1.62359022e+01]
 ...
 [4.93548144e-02]
 [2.76239267e-03]
 [8.79253042e-05]]"
85,86.0,0.025,7.221267441860409e-05,4.484616498151093e-07,-1700.0,-14.0,3.6,"[[1.10971421e-09]
 [1.60157472e-07]
 [1.29704756e-05]
 ...
 [1.21687258e-04]
 [1.50824934e-06]
 [1.03459039e-08]]","[[6.61221955e+00]
 [1.40541775e+01]
 [1.62359025e+01]
 ...
 [4.93578566e-02]
 [2.76243038e-03]
 [8.79255629e-05]]"
86,87.0,0.025,0.00011564586206896613,1.1635349909896674e-06,-900.0,-8.0,2.2,"[[1.69328596e-13]
 [7.10053088e-11]
 [1.67480919e-08]
 ...
 [3.34041360e-03]
 [6.85737330e-05]
 [7.79662768e-07]]","[[6.61221955e+00]
 [1.40541775e+01]
 [1.62359025e+01]
 ...
 [4.94413670e-02]
 [2.76414472e-03]
 [8.79450544e-05]]"
87,88.0,0.025,0.0002072742045454535,3.780708436555645e-06,-2350.0,-17.0,3.6,"[[ 6.81493484e+00]
 [ 1.78602548e+01]
 [ 2.58059937e+01]
 ...
 [-1.24374682e-08]
 [-7.80545998e-11]
 [-2.71073309e-13]]","[[6.78259292e+00]
 [1.45006839e+01]
 [1.68810524e+01]
 ...
 [4.94413667e-02]
 [2.76414472e-03]
 [8.79450544e-05]]"
88,89.0,0.025,5.955831460674154e-05,3.157001626528086e-07,-1400.0,-12.0,2.6,"[[6.74118870e-06]
 [3.20236027e-04]
 [8.41811176e-03]
 ...
 [1.29742189e-02]
 [3.38140628e-04]
 [4.87680056e-06]]","[[6.78259309e+00]
 [1.45006919e+01]
 [1.68812628e+01]
 ...
 [4.97657221e-02]
 [2.77259824e-03]
 [8.80669744e-05]]"
89,90.0,0.025,2.3226666666665964e-05,4.855302399999706e-08,-1350.0,-13.0,2.8,"[[ 7.32546322e-01]
 [ 4.21893134e+00]
 [ 1.34457809e+01]
 ...
 [-2.91591341e-04]
 [-7.03416501e-06]
 [-9.39013827e-08]]","[[6.80090675e+00]
 [1.46061652e+01]
 [1.72174073e+01]
 ...
 [4.97584323e-02]
 [2.77242238e-03]
 [8.80646269e-05]]"
90,91.0,0.025,0.0002237292307692313,4.554983951753868e-06,-1950.0,-11.0,2.4,"[[-1.21346934e-01]
 [-3.37150434e-01]
 [ 6.29035226e-01]
 ...
 [ 2.08558802e-03]
 [ 5.46069784e-05]
 [ 7.91205445e-07]]","[[6.79787308e+00]
 [1.45977364e+01]
 [1.72331332e+01]
 ...
 [4.98105720e-02]
 [2.77378756e-03]
 [8.80844070e-05]]"
91,92.0,0.025,1.3053152173913153e-05,1.5675399914130696e-08,-800.0,-10.0,2.4,"[[1.48926839e-10]
 [3.26767646e-08]
 [4.02978083e-06]
 ...
 [3.93180197e-05]
 [4.13383014e-07]
 [2.40665592e-09]]","[[6.79787308e+00]
 [1.45977364e+01]
 [1.72331333e+01]
 ...
 [4.98115550e-02]
 [2.77379789e-03]
 [8.80844672e-05]]"
92,93.0,0.025,1.3161720430107331e-05,1.611047227526834e-08,-2600.0,-14.0,3.2,"[[7.82632274e-10]
 [1.52522426e-07]
 [1.64487698e-05]
 ...
 [7.45596184e-06]
 [6.22118421e-08]
 [2.87260713e-10]]","[[6.79787308e+00]
 [1.45977364e+01]
 [1.72331337e+01]
 ...
 [4.98117414e-02]
 [2.77379945e-03]
 [8.80844744e-05]]"
93,94.0,0.025,1.9181382978722525e-05,3.458499257978406e-08,-850.0,-11.0,2.2,"[[2.48710224e-04]
 [6.86126105e-03]
 [1.06093045e-01]
 ...
 [1.18361697e-08]
 [4.56185512e-11]
 [9.72956537e-14]]","[[6.79787930e+00]
 [1.45979080e+01]
 [1.72357861e+01]
 ...
 [4.98117417e-02]
 [2.77379945e-03]
 [8.80844744e-05]]"
94,95.0,0.025,1.840884210526405e-05,3.2194119427371544e-08,-2700.0,-16.0,3.4,"[[ 1.21562925e+00]
 [ 7.52499039e+00]
 [ 2.59522956e+01]
 ...
 [-4.14480807e-02]
 [-2.09501783e-03]
 [-5.85993998e-05]]","[[6.82827003e+00]
 [1.47860327e+01]
 [1.78845934e+01]
 ...
 [4.87755397e-02]
 [2.72142400e-03]
 [8.66194894e-05]]"
95,96.0,0.025,7.596177083333405e-05,5.539383003010522e-07,-3400.0,-24.0,5.0,"[[6.64132521e-04]
 [1.54468275e-02]
 [1.98809184e-01]
 ...
 [2.12174645e-02]
 [6.04096876e-04]
 [9.51790142e-06]]","[[6.82828663e+00]
 [1.47864189e+01]
 [1.78895637e+01]
 ...
 [4.93059763e-02]
 [2.73652642e-03]
 [8.68574369e-05]]"
96,97.0,0.025,5.813402061855618e-05,3.2781774226803537e-07,-2050.0,-17.0,3.8,"[[8.15572415e-10]
 [1.21379328e-07]
 [1.01125267e-05]
 ...
 [1.81393908e-04]
 [2.38515101e-06]
 [1.73569240e-08]]","[[6.82828663e+00]
 [1.47864189e+01]
 [1.78895639e+01]
 ...
 [4.93105111e-02]
 [2.73658605e-03]
 [8.68578709e-05]]"
97,98.0,0.025,0.000132771224489795,1.7275634091469152e-06,-1450.0,-15.0,3.2,"[[1.46921770e-07]
 [1.57602636e-05]
 [9.35513097e-04]
 ...
 [1.68782513e-04]
 [3.20449780e-06]
 [3.36739910e-08]]","[[6.82828663e+00]
 [1.47864193e+01]
 [1.78895873e+01]
 ...
 [4.93147307e-02]
 [2.73666616e-03]
 [8.68587127e-05]]"
98,99.0,0.025,0.00022863585858585902,5.175161227297999e-06,-3250.0,-21.0,4.2,"[[ 3.23533082e+00]
 [ 1.59697829e+01]
 [ 4.37638015e+01]
 ...
 [-1.54757290e-04]
 [-2.59997414e-06]
 [-2.41717695e-08]]","[[6.90916990e+00]
 [1.51856639e+01]
 [1.89836824e+01]
 ...
 [4.93108618e-02]
 [2.73660116e-03]
 [8.68581084e-05]]"
99,100.0,0.025,0.00019522640000000036,3.8113347256960137e-06,-1400.0,-14.0,3.0,"[[9.52535004e-07]
 [5.92536045e-05]
 [2.03966415e-03]
 ...
 [7.25103266e-02]
 [2.60211816e-03]
 [5.16744274e-05]]","[[6.90916993e+00]
 [1.51856654e+01]
 [1.89837333e+01]
 ...
 [5.11236199e-02]
 [2.80165412e-03]
 [8.81499691e-05]]"
100,101.0,0.025,7.146683168316756e-05,5.158583111138504e-07,-1050.0,-15.0,3.4,"[[ 5.78803725e+01]
 [ 1.60584916e+02]
 [ 2.46155191e+02]
 ...
 [-6.71789396e-02]
 [-2.29487912e-03]
 [-4.34457811e-05]]","[[8.35617924e+00]
 [1.92002883e+01]
 [2.51376131e+01]
 ...
 [4.94441464e-02]
 [2.74428214e-03]
 [8.70638246e-05]]"
101,102.0,0.025,6.805882352939874e-07,4.7246435294099564e-11,-1750.0,-13.0,3.0,"[[1.71325822e-03]
 [3.37150395e-02]
 [3.67144943e-01]
 ...
 [6.48483442e-02]
 [2.27284436e-03]
 [4.40820729e-05]]","[[8.35622207e+00]
 [1.92011311e+01]
 [2.51467917e+01]
 ...
 [5.10653550e-02]
 [2.80110325e-03]
 [8.81658764e-05]]"
102,103.0,0.025,0.00011961407766990215,1.4736753404126025e-06,-1400.0,-10.0,2.6,"[[3.10049883e-11]
 [8.36825451e-09]
 [1.25012760e-06]
 ...
 [2.06031509e-04]
 [3.26141580e-06]
 [2.97419115e-08]]","[[8.35622207e+00]
 [1.92011311e+01]
 [2.51467918e+01]
 ...
 [5.10705058e-02]
 [2.80118479e-03]
 [8.81666199e-05]]"
103,104.0,0.025,3.9556730769230805e-05,1.6273243471153874e-07,-2100.0,-12.0,2.8,"[[4.43902049e-09]
 [7.16664530e-07]
 [6.40254182e-05]
 ...
 [1.71647395e-06]
 [1.18581228e-08]
 [4.53331969e-11]]","[[8.35622207e+00]
 [1.92011312e+01]
 [2.51467934e+01]
 ...
 [5.10705487e-02]
 [2.80118508e-03]
 [8.81666211e-05]]"
104,105.0,0.025,0.00010944885714285757,1.2578004946371527e-06,-2300.0,-18.0,4.0,"[[1.28200521e-13]
 [4.67821822e-11]
 [9.49952965e-09]
 ...
 [3.31364299e-02]
 [1.02328779e-03]
 [1.74929659e-05]]","[[8.35622207e+00]
 [1.92011312e+01]
 [2.51467934e+01]
 ...
 [5.18989595e-02]
 [2.82676728e-03]
 [8.86039452e-05]]"
105,106.0,0.025,0.0002834115094339622,8.514140870041504e-06,-1550.0,-17.0,3.6,"[[ 1.66774965e-02]
 [ 2.89245509e-01]
 [ 2.78471318e+00]
 ...
 [-2.63939786e-03]
 [-6.71700708e-05]
 [-9.45950169e-07]]","[[8.35663901e+00]
 [1.92083623e+01]
 [2.52164112e+01]
 ...
 [5.18329745e-02]
 [2.82508802e-03]
 [8.85802965e-05]]"
106,107.0,0.025,0.00016054439252336403,2.75787171086447e-06,-3150.0,-21.0,4.4,"[[2.23937578e-03]
 [6.40605292e-02]
 [1.01434842e+00]
 ...
 [1.78507467e-10]
 [5.67760316e-13]
 [9.99604463e-16]]","[[8.35669499e+00]
 [1.92099638e+01]
 [2.52417699e+01]
 ...
 [5.18329746e-02]
 [2.82508802e-03]
 [8.85802965e-05]]"
107,108.0,0.025,0.00010967638888888911,1.2991223102083386e-06,-4350.0,-21.0,4.6,"[[2.99559731e+00]
 [1.18863264e+01]
 [2.64138223e+01]
 ...
 [6.96028465e-08]
 [4.69533862e-10]
 [1.75281380e-12]]","[[8.43158493e+00]
 [1.95071220e+01]
 [2.59021155e+01]
 ...
 [5.18329763e-02]
 [2.82508804e-03]
 [8.85802965e-05]]"
108,109.0,0.025,2.742963302752267e-05,8.200993971467732e-08,-3500.0,-20.0,4.2,"[[ 2.70146604e+00]
 [ 1.11095771e+01]
 [ 2.53400281e+01]
 ...
 [-5.87705903e-03]
 [-2.32772524e-04]
 [-5.10170550e-06]]","[[8.49912158e+00]
 [1.97848614e+01]
 [2.65356162e+01]
 ...
 [5.16860498e-02]
 [2.81926872e-03]
 [8.84527539e-05]]"
109,110.0,0.025,0.00023862318181818216,6.263512519113654e-06,-3200.0,-18.0,4.0,"[[1.48246498e-12]
 [5.38099212e-10]
 [1.08080490e-07]
 ...
 [1.34495510e-02]
 [5.44707220e-04]
 [1.24053096e-05]]","[[8.49912158e+00]
 [1.97848614e+01]
 [2.65356162e+01]
 ...
 [5.20222886e-02]
 [2.83288640e-03]
 [8.87628866e-05]]"
110,111.0,0.025,0.00016547828828828782,3.039520092325208e-06,-4050.0,-21.0,4.4,"[[ 1.72600906e-01]
 [ 1.45694430e+00]
 [ 6.80546881e+00]
 ...
 [-2.10040175e-04]
 [-4.78630178e-06]
 [-6.03558389e-08]]","[[8.50343660e+00]
 [1.98212850e+01]
 [2.67057529e+01]
 ...
 [5.20170376e-02]
 [2.83276675e-03]
 [8.87613777e-05]]"
111,112.0,0.025,0.0001652091964285713,3.0569368014723173e-06,-1950.0,-15.0,3.2,"[[2.49075625e-06]
 [1.90053563e-04]
 [8.03056926e-03]
 ...
 [3.03712914e-09]
 [9.99321395e-12]
 [1.81998195e-14]]","[[8.50343666e+00]
 [1.98212897e+01]
 [2.67059537e+01]
 ...
 [5.20170377e-02]
 [2.83276675e-03]
 [8.87613777e-05]]"
112,113.0,0.025,0.00011336283185840698,1.4521778761061921e-06,-7500.0,-40.0,8.0,"[[ 4.68662722e+00]
 [ 1.82274067e+01]
 [ 4.39676400e+01]
 ...
 [-1.20547407e-04]
 [-2.20860525e-06]
 [-2.23924017e-08]]","[[8.62060234e+00]
 [2.02769749e+01]
 [2.78051447e+01]
 ...
 [5.20140240e-02]
 [2.83271153e-03]
 [8.87608179e-05]]"
113,114.0,0.025,4.752938596491242e-05,2.57530848442984e-07,-2050.0,-19.0,3.8,"[[1.72562033e-04]
 [5.02017787e-03]
 [8.08174833e-02]
 ...
 [7.21473592e-04]
 [1.16894858e-05]
 [1.04807384e-07]]","[[8.62060666e+00]
 [2.02771004e+01]
 [2.78071651e+01]
 ...
 [5.20320608e-02]
 [2.83300377e-03]
 [8.87634381e-05]]"
114,115.0,0.025,9.588469565217325e-05,1.0572956089356377e-06,-3150.0,-19.0,4.0,"[[3.96504531e-15]
 [2.47551089e-12]
 [8.55249546e-10]
 ...
 [4.72111185e-02]
 [2.60202516e-03]
 [7.92806729e-05]]","[[8.62060666e+00]
 [2.02771004e+01]
 [2.78071651e+01]
 ...
 [5.32123388e-02]
 [2.89805440e-03]
 [9.07454549e-05]]"
115,116.0,0.025,9.151982758620997e-06,9.716019456035134e-09,-1450.0,-11.0,2.8,"[[6.68454173e-11]
 [1.29009004e-08]
 [1.37783532e-06]
 ...
 [4.52142601e-02]
 [1.47893243e-03]
 [2.67698331e-05]]","[[8.62060666e+00]
 [2.02771004e+01]
 [2.78071651e+01]
 ...
 [5.43426953e-02]
 [2.93502771e-03]
 [9.14147007e-05]]"
116,117.0,0.025,6.323273504273461e-05,4.6781031737520737e-07,-2400.0,-14.0,3.2,"[[ 1.84815439e+01]
 [ 4.79889870e+01]
 [ 7.17078405e+01]
 ...
 [-6.20271771e-04]
 [-1.38062022e-05]
 [-1.69948373e-07]]","[[9.08264525e+00]
 [2.14768251e+01]
 [2.95998611e+01]
 ...
 [5.43271885e-02]
 [2.93468255e-03]
 [9.14104520e-05]]"
117,118.0,0.025,5.148406779661008e-05,3.1277188995254126e-07,-1950.0,-17.0,3.8,"[[3.27949712e-12]
 [1.08475466e-09]
 [1.99694997e-07]
 ...
 [4.33347461e-04]
 [6.42954788e-06]
 [5.28224273e-08]]","[[9.08264525e+00]
 [2.14768251e+01]
 [2.95998612e+01]
 ...
 [5.43380222e-02]
 [2.93484329e-03]
 [9.14117726e-05]]"
118,119.0,0.025,7.352840336134444e-05,6.433647060033596e-07,-6100.0,-38.0,7.6,"[[1.30612895e+01]
 [3.85727330e+01]
 [6.13459753e+01]
 ...
 [3.75601477e-02]
 [1.61846156e-03]
 [3.85194421e-05]]","[[9.40917749e+00]
 [2.24411434e+01]
 [3.11335105e+01]
 ...
 [5.52770259e-02]
 [2.97530483e-03]
 [9.23747586e-05]]"
119,120.0,0.025,3.948916666666561e-06,1.8712731408332333e-09,-2600.0,-22.0,4.8,"[[ 4.10976388e-05]
 [ 1.58370545e-03]
 [ 3.37702315e-02]
 ...
 [-7.79247522e-05]
 [-1.09996487e-06]
 [-8.59218671e-09]]","[[9.40917852e+00]
 [2.24411830e+01]
 [3.11343548e+01]
 ...
 [5.52750777e-02]
 [2.97527733e-03]
 [9.23745438e-05]]"
120,121.0,0.025,0.00013443851239669513,2.1869193474677987e-06,-3350.0,-23.0,4.6,"[[1.96764223e+00]
 [8.40574132e+00]
 [2.12513668e+01]
 ...
 [7.96089349e-05]
 [1.08535238e-06]
 [8.18841022e-09]]","[[9.45836957e+00]
 [2.26513265e+01]
 [3.16656390e+01]
 ...
 [5.52770680e-02]
 [2.97530447e-03]
 [9.23747486e-05]]"
121,122.0,0.025,0.00016462508196721283,3.306372948750808e-06,-900.0,-10.0,2.6,"[[9.11159114e-07]
 [5.74744911e-05]
 [2.02879199e-03]
 ...
 [1.51958872e-06]
 [1.04348245e-08]
 [3.96524048e-11]]","[[9.45836960e+00]
 [2.26513280e+01]
 [3.16656897e+01]
 ...
 [5.52771060e-02]
 [2.97530473e-03]
 [9.23747495e-05]]"
122,123.0,0.025,0.0002208287804878053,5.998138085882949e-06,-4000.0,-24.0,5.0,"[[-3.77126838e+00]
 [-2.15386051e+01]
 [-6.80597129e+01]
 ...
 [ 4.89350266e-04]
 [ 8.63696330e-06]
 [ 8.43573974e-08]]","[[9.36408789e+00]
 [2.21128629e+01]
 [2.99641969e+01]
 ...
 [5.52893397e-02]
 [2.97552065e-03]
 [9.23768585e-05]]"
123,124.0,0.025,5.2369354838710525e-05,3.400761164516239e-07,-900.0,-10.0,2.2,"[[2.17441548e-11]
 [6.10694007e-09]
 [9.49308993e-07]
 ...
 [1.09769600e-04]
 [1.32807630e-06]
 [8.89749502e-09]]","[[9.36408789e+00]
 [2.21128629e+01]
 [2.99641969e+01]
 ...
 [5.52920840e-02]
 [2.97555385e-03]
 [9.23770809e-05]]"
124,125.0,0.025,0.00011323511999999969,1.6027740501767913e-06,-2950.0,-19.0,3.8,"[[1.44691223e-02]
 [1.88666231e-01]
 [1.36132024e+00]
 ...
 [3.85182856e-04]
 [5.66060030e-06]
 [4.60340875e-08]]","[[9.36444961e+00]
 [2.21175795e+01]
 [2.99982299e+01]
 ...
 [5.53017135e-02]
 [2.97569537e-03]
 [9.23782318e-05]]"
125,126.0,0.025,1.982174603174619e-05,4.9505603584127787e-08,-2850.0,-21.0,4.4,"[[-8.87892833e+01]
 [-2.12521083e+02]
 [-2.85605691e+02]
 ...
 [ 2.87950897e-05]
 [ 2.65117896e-07]
 [ 1.35076326e-09]]","[[7.14471753e+00]
 [1.68045524e+01]
 [2.28580876e+01]
 ...
 [5.53024334e-02]
 [2.97570200e-03]
 [9.23782655e-05]]"
126,127.0,0.025,5.170669291338547e-05,3.395449256889717e-07,-200.0,-8.0,2.0,"[[9.04992249e-13]
 [2.89774117e-10]
 [5.26250257e-08]
 ...
 [2.84934414e-03]
 [5.71908702e-05]
 [6.35626217e-07]]","[[7.14471753e+00]
 [1.68045524e+01]
 [2.28580876e+01]
 ...
 [5.53736670e-02]
 [2.97713177e-03]
 [9.23941562e-05]]"
127,128.0,0.025,0.00014621632812499962,2.7365394701257672e-06,0.0,-6.0,2.0,"[[1.42173744e-03]
 [2.89147169e-02]
 [3.25411098e-01]
 ...
 [1.07042951e-04]
 [1.30278072e-06]
 [8.77417063e-09]]","[[7.14475308e+00]
 [1.68052753e+01]
 [2.28662229e+01]
 ...
 [5.53763431e-02]
 [2.97716434e-03]
 [9.23943755e-05]]"
128,129.0,0.025,6.436503875968959e-05,5.344287096751884e-07,-4700.0,-22.0,4.4,"[[4.72553842e+00]
 [1.39190345e+01]
 [2.60086758e+01]
 ...
 [1.42082718e-12]
 [3.00556352e-15]
 [3.51829355e-18]]","[[7.26289154e+00]
 [1.71532512e+01]
 [2.35164398e+01]
 ...
 [5.53763431e-02]
 [2.97716434e-03]
 [9.23943755e-05]]"
129,130.0,0.025,0.00018058353846153857,4.239353867227698e-06,-4600.0,-26.0,5.2,"[[ 9.79549344e+00]
 [ 2.13659085e+01]
 [ 2.57889553e+01]
 ...
 [-8.06465206e-11]
 [-2.80967149e-13]
 [-5.41685195e-16]]","[[7.50777887e+00]
 [1.76873989e+01]
 [2.41611637e+01]
 ...
 [5.53763431e-02]
 [2.97716434e-03]
 [9.23943755e-05]]"
130,131.0,0.025,5.415106870228999e-05,3.841363096496171e-07,-3450.0,-19.0,4.0,"[[3.79806625e-09]
 [5.93521867e-07]
 [5.21206491e-05]
 ...
 [2.91877427e-06]
 [2.16960705e-08]
 [8.92943241e-11]]","[[7.50777887e+00]
 [1.76873989e+01]
 [2.41611650e+01]
 ...
 [5.53764161e-02]
 [2.97716488e-03]
 [9.23943778e-05]]"
131,132.0,0.025,4.924325757575718e-05,3.2008659100075245e-07,-3100.0,-16.0,3.4,"[[ 8.44753777e-01]
 [ 4.66669486e+00]
 [ 1.42660908e+01]
 ...
 [-6.40564617e-04]
 [-1.77365601e-05]
 [-2.71767394e-07]]","[[7.52889772e+00]
 [1.78040663e+01]
 [2.45178172e+01]
 ...
 [5.53604019e-02]
 [2.97672147e-03]
 [9.23875836e-05]]"
132,133.0,0.025,0.00013229045112781996,2.3276015401270825e-06,-750.0,-9.0,2.4,"[[2.31265023e-05]
 [9.18889900e-04]
 [2.02035745e-02]
 ...
 [4.84252462e-02]
 [1.60472517e-03]
 [2.94273395e-05]]","[[7.52889829e+00]
 [1.78040892e+01]
 [2.45183223e+01]
 ...
 [5.65710331e-02]
 [3.01683959e-03]
 [9.31232671e-05]]"
133,134.0,0.025,0.00016305529850746238,3.5626620697619266e-06,-1800.0,-12.0,2.8,"[[8.43974329e+00]
 [2.26805682e+01]
 [3.78814472e+01]
 ...
 [1.06006968e-02]
 [4.51124992e-04]
 [1.05799853e-05]]","[[7.73989188e+00]
 [1.83711034e+01]
 [2.54653585e+01]
 ...
 [5.68360505e-02]
 [3.02811772e-03]
 [9.33877667e-05]]"
134,135.0,0.025,5.5116444444444123e-05,4.101060305066618e-07,-3450.0,-21.0,4.4,"[[3.75276781e-02]
 [4.45238180e-01]
 [2.92316578e+00]
 ...
 [8.98880858e-04]
 [2.58861624e-05]
 [4.10758003e-07]]","[[7.74083007e+00]
 [1.83822344e+01]
 [2.55384376e+01]
 ...
 [5.68585225e-02]
 [3.02876487e-03]
 [9.33980357e-05]]"
135,136.0,0.025,0.00015218823529411832,3.149931218823558e-06,-3650.0,-21.0,4.2,"[[ 6.29162985e-05]
 [ 2.41179534e-03]
 [ 5.23719739e-02]
 ...
 [-3.62822572e-04]
 [-6.61681898e-06]
 [-6.67767888e-08]]","[[7.74083164e+00]
 [1.83822947e+01]
 [2.55397469e+01]
 ...
 [5.68494520e-02]
 [3.02859945e-03]
 [9.33963662e-05]]"
136,137.0,0.025,0.0001816623357664237,4.521164980347462e-06,-4950.0,-25.0,5.4,"[[1.82138585e-12]
 [6.47724942e-10]
 [1.27463997e-07]
 ...
 [9.23810381e-03]
 [3.43037858e-04]
 [7.18492517e-06]]","[[7.74083164e+00]
 [1.83822947e+01]
 [2.55397469e+01]
 ...
 [5.70804046e-02]
 [3.03717540e-03]
 [9.35759894e-05]]"
137,138.0,0.025,0.00010976920289855012,1.6628003508876628e-06,-1150.0,-9.0,2.0,"[[1.78287940e-04]
 [5.16328407e-03]
 [8.27451099e-02]
 ...
 [9.47299521e-04]
 [1.59832365e-05]
 [1.49232578e-07]]","[[7.74083610e+00]
 [1.83824238e+01]
 [2.55418156e+01]
 ...
 [5.71040871e-02]
 [3.03757498e-03]
 [9.35797202e-05]]"
138,139.0,0.025,5.614460431654662e-05,4.381581065467604e-07,-2450.0,-17.0,3.6,"[[3.81318881e-13]
 [1.24362572e-10]
 [2.24468690e-08]
 ...
 [1.98748669e-01]
 [8.72455393e-03]
 [2.11947073e-04]]","[[7.74083610e+00]
 [1.83824238e+01]
 [2.55418156e+01]
 ...
 [6.20728038e-02]
 [3.25568883e-03]
 [9.88783970e-05]]"
139,140.0,0.025,0.00018522600000000025,4.803213950640012e-06,-2400.0,-20.0,4.2,"[[8.16916683e+00]
 [2.00261417e+01]
 [2.68155031e+01]
 ...
 [3.99513057e-07]
 [3.13768150e-09]
 [1.36366602e-11]]","[[7.94506527e+00]
 [1.88830773e+01]
 [2.62122032e+01]
 ...
 [6.20728138e-02]
 [3.25568891e-03]
 [9.88783973e-05]]"
140,141.0,0.025,8.33809929078018e-05,9.80286986939016e-07,-850.0,-11.0,2.8,"[[1.84207437e-08]
 [1.88889469e-06]
 [1.07292044e-04]
 ...
 [2.99881577e-04]
 [4.24452839e-06]
 [3.32454930e-08]]","[[7.94506527e+00]
 [1.88830774e+01]
 [2.62122058e+01]
 ...
 [6.20803108e-02]
 [3.25579502e-03]
 [9.88792285e-05]]"
141,142.0,0.025,8.06127464788727e-05,9.227749150711145e-07,-3650.0,-21.0,4.2,"[[-1.52002718e-05]
 [-7.17531567e-04]
 [-1.84316967e-02]
 ...
 [ 5.57682714e-06]
 [ 5.89150918e-08]
 [ 3.44458445e-10]]","[[7.94506489e+00]
 [1.88830594e+01]
 [2.62117450e+01]
 ...
 [6.20804502e-02]
 [3.25579649e-03]
 [9.88792371e-05]]"
142,143.0,0.025,4.766692307692319e-05,3.249153844538477e-07,-2150.0,-21.0,4.4,"[[ 1.06842624e+00]
 [ 6.20015665e+00]
 [ 1.95622950e+01]
 ...
 [-1.55120903e-02]
 [-5.50735783e-04]
 [-1.13061170e-05]]","[[7.97177555e+00]
 [1.90380633e+01]
 [2.67008024e+01]
 ...
 [6.16926480e-02]
 [3.24202810e-03]
 [9.85965842e-05]]"
143,144.0,0.025,3.767340277777759e-05,2.0437707986735912e-07,-4000.0,-18.0,3.8,"[[2.24709589e-09]
 [3.87367237e-07]
 [3.69623474e-05]
 ...
 [1.15498521e-05]
 [1.27393426e-07]
 [8.03097898e-10]]","[[7.97177555e+00]
 [1.90380634e+01]
 [2.67008033e+01]
 ...
 [6.16929367e-02]
 [3.24203128e-03]
 [9.85966042e-05]]"
144,145.0,0.025,0.00011251531034482763,1.8356557839889667e-06,-1650.0,-17.0,3.6,"[[ 3.05859901e+00]
 [ 1.32499305e+01]
 [ 3.10622281e+01]
 ...
 [-7.07604092e-06]
 [-7.22677794e-08]
 [-3.58163185e-10]]","[[8.04824052e+00]
 [1.93693116e+01]
 [2.74773590e+01]
 ...
 [6.16927598e-02]
 [3.24202948e-03]
 [9.85965953e-05]]"
145,146.0,0.025,8.612486301369877e-05,1.082953836252743e-06,-3200.0,-24.0,5.0,"[[ 9.73541205e-06]
 [ 5.16033762e-04]
 [ 1.51471482e-02]
 ...
 [-1.60151717e-03]
 [-3.83078069e-05]
 [-5.04066022e-07]]","[[8.04824077e+00]
 [1.93693245e+01]
 [2.74777377e+01]
 ...
 [6.16527219e-02]
 [3.24107178e-03]
 [9.85839936e-05]]"
146,147.0,0.025,1.746510204081604e-05,4.483937902652914e-08,-3750.0,-23.0,4.8,"[[9.71522892e-12]
 [2.48078954e-09]
 [3.60494380e-07]
 ...
 [6.33110332e-04]
 [1.00138541e-05]
 [8.76948565e-08]]","[[8.04824077e+00]
 [1.93693245e+01]
 [2.74777377e+01]
 ...
 [6.16685496e-02]
 [3.24132213e-03]
 [9.85861860e-05]]"
147,148.0,0.025,0.00014839756756756782,3.2592320328756874e-06,-2200.0,-14.0,3.0,"[[2.06385791e-06]
 [1.15643374e-04]
 [3.58632195e-03]
 ...
 [8.82903513e-05]
 [1.04528856e-06]
 [6.84826717e-09]]","[[8.04824082e+00]
 [1.93693274e+01]
 [2.74778274e+01]
 ...
 [6.16707569e-02]
 [3.24134826e-03]
 [9.85863572e-05]]"
148,149.0,0.025,3.8634630872483367e-05,2.224025706953037e-07,-3000.0,-20.0,4.0,"[[1.70479222e-06]
 [9.89301183e-05]
 [3.21699157e-03]
 ...
 [7.96889041e-07]
 [5.04779310e-09]
 [1.76941614e-11]]","[[8.04824086e+00]
 [1.93693299e+01]
 [2.74779078e+01]
 ...
 [6.16707768e-02]
 [3.24134839e-03]
 [9.85863577e-05]]"
149,150.0,0.025,0.00013784660000000005,2.8502527697340016e-06,-1800.0,-12.0,3.0,"[[1.17823642e-06]
 [7.12494357e-05]
 [2.38560479e-03]
 ...
 [3.91016289e-05]
 [4.12727545e-07]
 [2.41075861e-09]]","[[8.04824089e+00]
 [1.93693317e+01]
 [2.74779675e+01]
 ...
 [6.16717544e-02]
 [3.24135870e-03]
 [9.85864179e-05]]"
150,151.0,0.025,3.677980132450347e-05,2.0426582160596205e-07,-800.0,-12.0,3.0,"[[6.51093154e-06]
 [4.34985454e-04]
 [1.60811558e-02]
 ...
 [9.37746178e-06]
 [1.14537008e-07]
 [7.74192211e-10]]","[[8.04824105e+00]
 [1.93693425e+01]
 [2.74783695e+01]
 ...
 [6.16719888e-02]
 [3.24136157e-03]
 [9.85864373e-05]]"
151,152.0,0.025,2.9780065789473735e-05,1.3480155240065834e-07,-750.0,-11.0,2.6,"[[ 1.64104108e-01]
 [ 1.41895069e+00]
 [ 6.79991789e+00]
 ...
 [-3.19405263e-02]
 [-1.43275015e-03]
 [-3.58673171e-05]]","[[8.05234365e+00]
 [1.94048163e+01]
 [2.76483674e+01]
 ...
 [6.08734756e-02]
 [3.20554281e-03]
 [9.76897544e-05]]"
152,153.0,0.025,5.192640522875748e-05,4.1254178867711326e-07,-1350.0,-15.0,3.2,"[[-3.41457301e-05]
 [-1.20209349e-03]
 [-2.44410293e-02]
 ...
 [ 1.47748734e-01]
 [ 9.08987438e-03]
 [ 3.09466399e-04]]","[[8.05234280e+00]
 [1.94047862e+01]
 [2.76477564e+01]
 ...
 [6.45671940e-02]
 [3.43278967e-03]
 [1.05426414e-04]]"
153,154.0,0.025,5.8747727272727296e-05,5.31499500795455e-07,-1250.0,-11.0,2.6,"[[ 4.89510982e-03]
 [ 8.79817608e-02]
 [ 8.68261866e-01]
 ...
 [-5.03017071e-10]
 [-1.58458006e-12]
 [-2.76228415e-15]]","[[8.05246518e+00]
 [1.94069858e+01]
 [2.76694630e+01]
 ...
 [6.45671940e-02]
 [3.43278967e-03]
 [1.05426414e-04]]"
154,155.0,0.025,6.227716129032215e-05,6.011589468490239e-07,-900.0,-10.0,2.4,"[[4.18205154e-09]
 [5.11712908e-07]
 [3.48006774e-05]
 ...
 [1.85353511e-04]
 [2.44305117e-06]
 [1.78195890e-08]]","[[8.05246518e+00]
 [1.94069858e+01]
 [2.76694638e+01]
 ...
 [6.45718278e-02]
 [3.43285075e-03]
 [1.05426860e-04]]"
155,156.0,0.025,6.035871794871795e-05,5.683352738564104e-07,-2500.0,-18.0,3.8,"[[ 5.56594702e-02]
 [ 2.13316944e-01]
 [-4.02471000e-01]
 ...
 [ 2.28584142e-05]
 [ 2.90859619e-07]
 [ 2.04805810e-09]]","[[8.05385667e+00]
 [1.94123187e+01]
 [2.76594020e+01]
 ...
 [6.45723993e-02]
 [3.43285802e-03]
 [1.05426911e-04]]"
156,157.0,0.025,0.00010636789808917237,1.7763183697936443e-06,-400.0,-10.0,2.4,"[[ 1.35521017e+00]
 [ 6.54434290e+00]
 [ 1.74880774e+01]
 ...
 [-1.03589634e-06]
 [-8.99905389e-09]
 [-4.33036105e-11]]","[[8.08773692e+00]
 [1.95759273e+01]
 [2.80966040e+01]
 ...
 [6.45723734e-02]
 [3.43285780e-03]
 [1.05426910e-04]]"
157,158.0,0.025,0.00011295227848101201,2.01579831982023e-06,-5300.0,-28.0,6.0,"[[ 2.42136838e-02]
 [ 3.70108137e-01]
 [ 3.15089753e+00]
 ...
 [-8.91715035e-07]
 [-6.88774633e-09]
 [-2.94408026e-11]]","[[8.08834226e+00]
 [1.95851800e+01]
 [2.81753764e+01]
 ...
 [6.45723511e-02]
 [3.43285762e-03]
 [1.05426909e-04]]"
158,159.0,0.025,2.5512389937106783e-05,1.0349024440817502e-07,-3650.0,-23.0,4.6,"[[ 1.67747160e-02]
 [ 2.41062664e-01]
 [ 1.90303701e+00]
 ...
 [-9.42459953e-12]
 [-1.93383075e-14]
 [-2.19581281e-17]]","[[8.08876163e+00]
 [1.95912066e+01]
 [2.82229523e+01]
 ...
 [6.45723511e-02]
 [3.43285762e-03]
 [1.05426909e-04]]"
159,160.0,0.025,0.00011449699999999951,2.0975300814399824e-06,-1800.0,-12.0,2.6,"[[ 2.48184518e-03]
 [ 5.12678687e-02]
 [ 5.85960027e-01]
 ...
 [-8.15685147e-06]
 [-8.33033345e-08]
 [-4.70793495e-10]]","[[8.08882368e+00]
 [1.95924883e+01]
 [2.82376013e+01]
 ...
 [6.45721472e-02]
 [3.43285554e-03]
 [1.05426897e-04]]"
160,161.0,0.025,3.2246645962733366e-05,1.6741523431118473e-07,-2400.0,-22.0,4.6,"[[ 1.48848929e+00]
 [ 6.90411871e+00]
 [ 1.77209727e+01]
 ...
 [-5.04846829e-05]
 [-9.10468588e-07]
 [-9.08639907e-09]]","[[8.12603591e+00]
 [1.97650912e+01]
 [2.86806257e+01]
 ...
 [6.45708851e-02]
 [3.43283278e-03]
 [1.05426670e-04]]"
161,162.0,0.025,0.00012859246913580298,2.678835745187676e-06,-1900.0,-18.0,3.8,"[[2.27460408e-14]
 [1.21733802e-11]
 [3.60647216e-09]
 ...
 [8.64432961e-03]
 [2.15991250e-04]
 [3.03883451e-06]]","[[8.12603591e+00]
 [1.97650912e+01]
 [2.86806257e+01]
 ...
 [6.47869933e-02]
 [3.43823256e-03]
 [1.05502641e-04]]"
162,163.0,0.025,4.026055214723918e-05,2.642086656496922e-07,-900.0,-10.0,2.4,"[[2.65818633e-09]
 [4.28197099e-07]
 [3.88386229e-05]
 ...
 [4.11052845e-06]
 [3.19458249e-08]
 [1.37465298e-10]]","[[8.12603591e+00]
 [1.97650912e+01]
 [2.86806266e+01]
 ...
 [6.47870961e-02]
 [3.43823336e-03]
 [1.05502645e-04]]"
163,164.0,0.025,9.607792682926845e-05,1.513878755904883e-06,-1850.0,-15.0,3.2,"[[ 3.50592826e-01]
 [ 2.49433945e+00]
 [ 9.81412255e+00]
 ...
 [-4.03839541e-09]
 [-2.20947767e-11]
 [-6.69193944e-14]]","[[8.13480073e+00]
 [1.98274497e+01]
 [2.89259797e+01]
 ...
 [6.47870960e-02]
 [3.43823336e-03]
 [1.05502645e-04]]"
164,165.0,0.025,0.0001103001818181816,2.0074114680054466e-06,-3800.0,-26.0,5.2,"[[ 6.36360002e-02]
 [ 6.77424567e-01]
 [ 3.99055787e+00]
 ...
 [-8.31008515e-07]
 [-8.17462067e-09]
 [-4.44991025e-11]]","[[8.13639163e+00]
 [1.98443853e+01]
 [2.90257436e+01]
 ...
 [6.47870752e-02]
 [3.43823316e-03]
 [1.05502643e-04]]"
165,166.0,0.025,4.280638554216879e-05,3.0417618276867635e-07,-2700.0,-16.0,3.8,"[[8.41521479e-14]
 [4.10178991e-11]
 [1.09204941e-08]
 ...
 [2.85080872e-03]
 [5.71967278e-05]
 [6.35469168e-07]]","[[8.13639163e+00]
 [1.98443853e+01]
 [2.90257436e+01]
 ...
 [6.48583454e-02]
 [3.43966307e-03]
 [1.05518530e-04]]"
166,167.0,0.025,0.00018421419161676627,5.66712302163412e-06,-6050.0,-25.0,5.2,"[[ 4.32951254e+01]
 [ 1.40902270e+02]
 [ 2.34500918e+02]
 ...
 [-2.57552208e-02]
 [-7.43179085e-04]
 [-1.18374578e-05]]","[[9.21876976e+00]
 [2.33669421e+01]
 [3.48882666e+01]
 ...
 [6.42144649e-02]
 [3.42108360e-03]
 [1.05222594e-04]]"
167,168.0,0.025,8.675785714285749e-05,1.2645235303714387e-06,-2150.0,-17.0,3.6,"[[-8.62830428e-07]
 [-4.99320454e-05]
 [-1.63111668e-03]
 ...
 [ 1.12581498e-04]
 [ 1.80913080e-06]
 [ 1.60851747e-08]]","[[9.21876974e+00]
 [2.33669409e+01]
 [3.48882258e+01]
 ...
 [6.42172794e-02]
 [3.42112882e-03]
 [1.05222996e-04]]"
168,169.0,0.025,3.3663964497041423e-05,1.9152136345621304e-07,-900.0,-12.0,2.6,"[[ 8.82375188e-01]
 [ 4.81228074e+00]
 [ 1.45232882e+01]
 ...
 [-1.90904222e-07]
 [-1.54407769e-09]
 [-6.91105376e-12]]","[[9.24082912e+00]
 [2.34872479e+01]
 [3.52513080e+01]
 ...
 [6.42172746e-02]
 [3.42112879e-03]
 [1.05222996e-04]]"
169,170.0,0.025,2.5544470588235268e-05,1.1092839619764682e-07,-2700.0,-16.0,3.4,"[[4.06587076e-10]
 [6.47482978e-08]
 [5.72262139e-06]
 ...
 [1.05810154e-03]
 [1.81633377e-05]
 [1.72545434e-07]]","[[9.24082912e+00]
 [2.34872479e+01]
 [3.52513082e+01]
 ...
 [6.42437272e-02]
 [3.42158287e-03]
 [1.05227309e-04]]"
170,171.0,0.025,8.873999999999976e-05,1.3465886795999927e-06,-6100.0,-28.0,5.6,"[[ 9.93202202e-03]
 [ 1.55552282e-01]
 [ 1.35592620e+00]
 ...
 [-9.90770143e-06]
 [-1.05853593e-07]
 [-6.25523373e-10]]","[[9.24107742e+00]
 [2.34911367e+01]
 [3.52852063e+01]
 ...
 [6.42434795e-02]
 [3.42158022e-03]
 [1.05227294e-04]]"
171,172.0,0.025,5.465290697674435e-05,5.137537214534915e-07,-1400.0,-14.0,3.0,"[[8.84150812e-04]
 [1.95589354e-02]
 [2.39429571e-01]
 ...
 [1.32851560e-04]
 [1.66811648e-06]
 [1.15906447e-08]]","[[9.24109953e+00]
 [2.34916257e+01]
 [3.52911921e+01]
 ...
 [6.42468008e-02]
 [3.42162193e-03]
 [1.05227583e-04]]"
172,173.0,0.025,0.00010705901734104084,1.982862542567066e-06,-1350.0,-13.0,3.0,"[[7.77331420e-09]
 [1.16990396e-06]
 [9.74321254e-05]
 ...
 [1.17641311e-03]
 [3.09335645e-05]
 [4.50311923e-07]]","[[9.24109953e+00]
 [2.34916257e+01]
 [3.52911945e+01]
 ...
 [6.42762111e-02]
 [3.42239527e-03]
 [1.05238841e-04]]"
173,174.0,0.025,0.00016303574712643647,4.6250339423471085e-06,-3050.0,-21.0,4.4,"[[-1.20657656e-02]
 [-2.01466073e-01]
 [-1.92042452e+00]
 ...
 [ 6.34472038e-02]
 [ 2.85379001e-03]
 [ 7.19191781e-05]]","[[9.24079788e+00]
 [2.34865890e+01]
 [3.52431839e+01]
 ...
 [6.58623912e-02]
 [3.49374002e-03]
 [1.07036821e-04]]"
174,175.0,0.025,2.63765714285721e-06,1.2175161605714902e-09,-1500.0,-14.0,3.0,"[[ 3.74720076e-01]
 [ 2.58022066e+00]
 [ 9.89493615e+00]
 ...
 [-8.08581253e-03]
 [-3.14052580e-04]
 [-6.75197380e-06]]","[[9.25016588e+00]
 [2.35510946e+01]
 [3.54905573e+01]
 ...
 [6.56602459e-02]
 [3.48588870e-03]
 [1.06868021e-04]]"
175,176.0,0.025,5.0873011363636566e-05,4.554991381960263e-07,-4250.0,-23.0,4.8,"[[ 1.56378191e+01]
 [ 3.18949280e+01]
 [ 4.81109167e+01]
 ...
 [-5.39137717e-05]
 [-7.86084457e-07]
 [-6.31538161e-09]]","[[9.64111136e+00]
 [2.43484678e+01]
 [3.66933302e+01]
 ...
 [6.56588980e-02]
 [3.48586905e-03]
 [1.06867863e-04]]"
176,177.0,0.025,4.916090395480248e-05,4.2777262254463663e-07,-3250.0,-25.0,5.0,"[[-8.50894062e-01]
 [-6.04160878e+00]
 [-2.33569968e+01]
 ...
 [ 3.32447934e-04]
 [ 6.09233440e-06]
 [ 6.18239636e-08]]","[[9.61983901e+00]
 [2.41974275e+01]
 [3.61094053e+01]
 ...
 [6.56672092e-02]
 [3.48602136e-03]
 [1.06869409e-04]]"
177,178.0,0.025,5.1235730337078866e-05,4.6726781124494777e-07,-1800.0,-14.0,3.2,"[[2.91023008e-01]
 [1.72596252e+00]
 [5.02870606e+00]
 ...
 [3.96101457e-06]
 [3.95759234e-08]
 [2.18814470e-10]]","[[9.62711458e+00]
 [2.42405766e+01]
 [3.62351229e+01]
 ...
 [6.56673083e-02]
 [3.48602235e-03]
 [1.06869415e-04]]"
178,179.0,0.025,0.00018136044692737414,5.887598496035743e-06,-2350.0,-17.0,3.4,"[[7.08771168e-10]
 [1.17866005e-07]
 [1.12199873e-05]
 ...
 [2.79121837e-05]
 [2.80778600e-07]
 [1.56358882e-09]]","[[9.62711458e+00]
 [2.42405766e+01]
 [3.62351232e+01]
 ...
 [6.56680061e-02]
 [3.48602937e-03]
 [1.06869454e-04]]"
179,180.0,0.025,4.2980888888888905e-05,3.3252422574222256e-07,-2900.0,-18.0,4.0,"[[2.44964783e-09]
 [3.22359152e-07]
 [2.37765664e-05]
 ...
 [8.12444997e-05]
 [9.50354909e-07]
 [6.15224900e-09]]","[[9.62711458e+00]
 [2.42405766e+01]
 [3.62351238e+01]
 ...
 [6.56700372e-02]
 [3.48605312e-03]
 [1.06869607e-04]]"
180,181.0,0.025,7.105541436464117e-05,9.138458158060845e-07,-5800.0,-30.0,6.0,"[[-4.45014058e+00]
 [-1.93742623e+01]
 [-4.90254327e+01]
 ...
 [ 8.89179545e-03]
 [ 2.82650254e-04]
 [ 4.97237880e-06]]","[[9.51586107e+00]
 [2.37562201e+01]
 [3.50094880e+01]
 ...
 [6.58923321e-02]
 [3.49311938e-03]
 [1.06993917e-04]]"
181,182.0,0.025,3.6940769230769396e-05,2.483609185076945e-07,-3500.0,-20.0,4.2,"[[-6.31036070e-01]
 [ 2.45580383e-01]
 [ 8.09280443e+00]
 ...
 [ 2.11544209e-05]
 [ 2.42922505e-07]
 [ 1.54879317e-09]]","[[9.50008517e+00]
 [2.37623596e+01]
 [3.52118081e+01]
 ...
 [6.58928609e-02]
 [3.49312545e-03]
 [1.06993956e-04]]"
182,183.0,0.025,0.00014272639344262286,3.7278606794803237e-06,-1300.0,-14.0,3.2,"[[1.30288949e-11]
 [3.82849697e-09]
 [6.22522512e-07]
 ...
 [1.26877869e-02]
 [5.19459245e-04]
 [1.18293359e-05]]","[[9.50008517e+00]
 [2.37623596e+01]
 [3.52118081e+01]
 ...
 [6.62100556e-02]
 [3.50611194e-03]
 [1.07289689e-04]]"
183,184.0,0.025,6.575152173913052e-05,7.954803204260891e-07,-3000.0,-20.0,4.2,"[[1.56328755e-04]
 [5.94128605e-03]
 [1.31643540e-01]
 ...
 [4.82064361e-11]
 [1.03352955e-13]
 [1.22632834e-16]]","[[9.50008908e+00]
 [2.37625081e+01]
 [3.52150992e+01]
 ...
 [6.62100556e-02]
 [3.50611194e-03]
 [1.07289689e-04]]"
184,185.0,0.025,4.76295675675678e-05,4.196865057345987e-07,-3850.0,-19.0,4.0,"[[ 9.63259496e+00]
 [ 2.98251605e+01]
 [ 5.03427957e+01]
 ...
 [-2.81183929e-02]
 [-1.32289911e-03]
 [-3.44258076e-05]]","[[9.74090395e+00]
 [2.45081371e+01]
 [3.64736691e+01]
 ...
 [6.55070958e-02]
 [3.47303946e-03]
 [1.06429044e-04]]"
185,186.0,0.025,2.56254301075271e-05,1.221392562844107e-07,-1600.0,-14.0,3.0,"[[-3.81064853e-04]
 [-5.75301733e-03]
 [-2.85686946e-02]
 ...
 [-2.40697485e-05]
 [-2.86179643e-07]
 [-1.88290074e-09]]","[[9.74089442e+00]
 [2.45079933e+01]
 [3.64729549e+01]
 ...
 [6.55064940e-02]
 [3.47303230e-03]
 [1.06428997e-04]]"
186,187.0,0.025,0.00010194812834224617,1.943569703155087e-06,-6400.0,-32.0,6.6,"[[-2.10536834e+00]
 [-8.45554108e+00]
 [-1.39721681e+01]
 ...
 [-1.37386886e-02]
 [-5.11053308e-04]
 [-1.05057840e-05]]","[[9.68826022e+00]
 [2.42966048e+01]
 [3.61236507e+01]
 ...
 [6.51630268e-02]
 [3.46025597e-03]
 [1.06166352e-04]]"
187,188.0,0.025,7.183505319148903e-05,9.70131675000523e-07,-4300.0,-24.0,5.2,"[[ 5.46299957e-01]
 [ 4.40725903e+00]
 [ 1.96754290e+01]
 ...
 [-1.87752790e-02]
 [-7.35273787e-04]
 [-1.59231536e-05]]","[[9.70191771e+00]
 [2.44067862e+01]
 [3.66155364e+01]
 ...
 [6.46936448e-02]
 [3.44187413e-03]
 [1.05768273e-04]]"
188,189.0,0.025,9.558148148148116e-06,1.726669904814803e-08,-3400.0,-22.0,4.6,"[[ 7.06997327e-01]
 [ 5.14092352e+00]
 [ 2.06861802e+01]
 ...
 [-1.43812994e-03]
 [-2.94604765e-05]
 [-3.33543912e-07]]","[[9.71959265e+00]
 [2.45353093e+01]
 [3.71326909e+01]
 ...
 [6.46576916e-02]
 [3.44113761e-03]
 [1.05759935e-04]]"
189,190.0,0.025,0.00010268789473684206,2.0035127078421036e-06,-2100.0,-16.0,3.8,"[[7.03071090e-07]
 [4.56099769e-05]
 [1.64234290e-03]
 ...
 [9.59062038e-06]
 [8.36206530e-08]
 [4.03462292e-10]]","[[9.71959267e+00]
 [2.45353105e+01]
 [3.71327320e+01]
 ...
 [6.46579314e-02]
 [3.44113970e-03]
 [1.05759945e-04]]"
190,191.0,0.025,0.0001227880104712044,2.87968704345603e-06,-4650.0,-21.0,4.4,"[[-1.08516005e+00]
 [-6.23668335e+00]
 [-1.91269324e+01]
 ...
 [ 1.81569171e-02]
 [ 6.64140482e-04]
 [ 1.34392268e-05]]","[[9.69246366e+00]
 [2.43793934e+01]
 [3.66545587e+01]
 ...
 [6.51118543e-02]
 [3.45774322e-03]
 [1.06095925e-04]]"
191,192.0,0.025,0.00010805203124999996,2.241646359792186e-06,-1850.0,-19.0,4.0,"[[6.56831506e-06]
 [3.13838445e-04]
 [8.33702010e-03]
 ...
 [1.10999269e-06]
 [7.32697928e-09]
 [2.67640470e-11]]","[[9.69246383e+00]
 [2.43794012e+01]
 [3.66547671e+01]
 ...
 [6.51118820e-02]
 [3.45774340e-03]
 [1.06095926e-04]]"
192,193.0,0.025,0.00010998378238341974,2.3346114507611416e-06,-1250.0,-17.0,3.4,"[[5.97756164e-02]
 [6.54631678e-01]
 [4.00562310e+00]
 ...
 [1.24198380e-04]
 [2.03483911e-06]
 [1.82462792e-08]]","[[9.69395822e+00]
 [2.43957670e+01]
 [3.67549077e+01]
 ...
 [6.51149870e-02]
 [3.45779427e-03]
 [1.06096382e-04]]"
193,194.0,0.025,5.7191134020618735e-05,6.345402072494886e-07,-3450.0,-21.0,4.2,"[[ 7.96892956e-01]
 [ 3.94472673e+00]
 [ 1.11494426e+01]
 ...
 [-2.35952197e-06]
 [-2.17030953e-08]
 [-1.10331969e-10]]","[[9.71388054e+00]
 [2.44943852e+01]
 [3.70336437e+01]
 ...
 [6.51149280e-02]
 [3.45779373e-03]
 [1.06096380e-04]]"
194,195.0,0.025,5.6584974358974396e-05,6.24362568025129e-07,-1150.0,-13.0,3.0,"[[8.78355636e-14]
 [3.88857983e-11]
 [9.69247699e-09]
 ...
 [4.95759917e-03]
 [1.08651612e-04]
 [1.31887564e-06]]","[[9.71388054e+00]
 [2.44943852e+01]
 [3.70336437e+01]
 ...
 [6.52388680e-02]
 [3.46051002e-03]
 [1.06129351e-04]]"
195,196.0,0.025,1.0881581632653605e-05,2.320812849030844e-08,-2000.0,-16.0,3.6,"[[ 1.89892614e-01]
 [ 1.59870506e+00]
 [ 7.44807172e+00]
 ...
 [-2.43670618e-06]
 [-2.49937975e-08]
 [-1.41435827e-10]]","[[9.71862786e+00]
 [2.45343528e+01]
 [3.72198455e+01]
 ...
 [6.52388071e-02]
 [3.46050939e-03]
 [1.06129348e-04]]"
196,197.0,0.025,0.00011679756345177662,2.6874091531695416e-06,-3550.0,-19.0,4.0,"[[1.08198111e-11]
 [3.24002706e-09]
 [5.36890472e-07]
 ...
 [5.11535243e-03]
 [1.72236732e-04]
 [3.24710879e-06]]","[[9.71862786e+00]
 [2.45343528e+01]
 [3.72198455e+01]
 ...
 [6.53666909e-02]
 [3.46481531e-03]
 [1.06210526e-04]]"
197,198.0,0.025,0.00010379969696969726,2.133326664018194e-06,-3000.0,-20.0,4.2,"[[4.86428606e-06]
 [2.42165984e-04]
 [6.67237090e-03]
 ...
 [6.41439502e-05]
 [7.25698707e-07]
 [4.54337434e-09]]","[[9.71862798e+00]
 [2.45343589e+01]
 [3.72200123e+01]
 ...
 [6.53682945e-02]
 [3.46483345e-03]
 [1.06210639e-04]]"
198,199.0,0.025,4.898150753768846e-05,4.774384280522616e-07,-2050.0,-17.0,3.6,"[[6.76194408e-09]
 [7.80904831e-07]
 [4.99513065e-05]
 ...
 [5.82702266e-04]
 [9.11940739e-06]
 [7.89788996e-08]]","[[9.71862798e+00]
 [2.45343589e+01]
 [3.72200136e+01]
 ...
 [6.53828620e-02]
 [3.46506144e-03]
 [1.06212614e-04]]"
199,200.0,0.025,1.4024999999995292e-06,3.9340124999973586e-10,-3750.0,-21.0,4.4,"[[9.27883586e-04]
 [3.05314524e-02]
 [5.55921612e-01]
 ...
 [9.88841379e-07]
 [8.84104543e-09]
 [4.37423712e-11]]","[[9.71865118e+00]
 [2.45351222e+01]
 [3.72339116e+01]
 ...
 [6.53828868e-02]
 [3.46506166e-03]
 [1.06212615e-04]]"
